{
  "agent": "fuel",
  "params": {
    "max_iter": 250,
    "max_depth": 8,
    "learning_rate": 0.1205712628744377,
    "min_samples_leaf": 50,
    "l2_regularization": 0.00042079886696066364
  },
  "cv_accuracy": 0.9333,
  "baseline_cv_accuracy": 0.9122,
  "improvement_pp": 2.11,
  "n_trials": 1,
  "tuned_at": "2026-06-19T15:50:31Z"
}