{
  "agent": "tire",
  "params": {
    "max_iter": 108,
    "max_depth": 8,
    "learning_rate": 0.16967533607196555,
    "min_samples_leaf": 21,
    "l2_regularization": 0.000533703276260396
  },
  "cv_accuracy": 0.9792,
  "baseline_cv_accuracy": 0.975,
  "improvement_pp": 0.42,
  "n_trials": 5,
  "tuned_at": "2026-06-19T14:12:39Z"
}